run_id,label,nelx,nely,stage,scope,in_partition,calls,calls_per_iteration,total_s,mean_per_call_us,mean_per_iteration_ms,share_of_iteration,note
20260929T032426Z,optimized_assembly,60,20,element_moduli,measured,True,44,1.0,0.00029666899808944436,6.742477229305553,0.006742477229305553,0.001774631516973067,SIMP interpolation of E_e (optimizer.py:217)
20260929T032426Z,optimized_assembly,60,20,assemble,measured,True,44,1.0,0.005103079000036814,115.97906818265487,0.11597906818265487,0.030525888735898066,COO triplet build + tocsc (fem.py:162)
20260929T032426Z,optimized_assembly,60,20,solve_reduce,derived,True,0,,0.009080831003302592,,0.20638252280233163,0.054320232321370836,derived: solve_displacements - spsolve; includes the tocsr() copy and both fancy-index slices (fem.py:208)
20260929T032426Z,optimized_assembly,60,20,solve_numeric,measured,True,44,1.0,0.13439637499777746,3054.463068131306,3.054463068131306,0.8039398938681119,SuperLU LU factorisation + solve (fem.py:209)
20260929T032426Z,optimized_assembly,60,20,sensitivity,measured,True,44,1.0,0.00015775100382597884,3.5852500869540647,0.0035852500869540645,0.0009436439433395643,analytical dc/dx_e (optimizer.py:251)
20260929T032426Z,optimized_assembly,60,20,sensitivity_filter,measured,True,44,1.0,0.00042516800112935016,9.66290911657614,0.00966290911657614,0.0025432941752312863,cone-weighted sparse matvec (filter.py:83)
20260929T032426Z,optimized_assembly,60,20,oc_update,measured,True,44,1.0,0.012940203995640331,294.0955453554621,0.2940955453554621,0.07740644959403738,bisection on the volume multiplier (optimizer.py:81)
20260929T032426Z,optimized_assembly,60,20,analysis_tail,derived,True,0,,0.004522084001109761,,0.1027746363888582,0.02705045974621703,"derived: analyze - its four measured children; contains the inline compliance matvec, the element_dofs gather and the einsum (optimizer.py:240-248) plus interpreter overhead"
20260929T032426Z,optimized_assembly,60,20,loop_tail,derived,True,0,,0.00025000699679367244,,0.005681977199856192,0.0014955060988208516,"derived: iteration_total - all other partition rows; covers optimizer.py:292-299 (change, record construction, append)"
20260929T032426Z,optimized_assembly,60,20,iterations_total,reference,False,0,,0.1671721679977054,,3.7993674544933045,1.0,"reference row, not part of the partition (sum of IterationRecord.time_s over the instrumented run)"
20260929T032426Z,optimized_assembly,60,20,analyze_total,reference,False,0,,0.15339903800031607,,3.4863417727344563,0.9176111061885709,"reference row, not part of the partition; contains the element_moduli/assemble/solve children"
20260929T032426Z,optimized_assembly,60,20,run_wall,reference,False,0,,0.16722008299984736,,3.8004564318147125,1.00028662069001,"reference row, not part of the partition (whole run() wall time)"
20260929T032426Z,optimized_assembly,60,20,outside_loop,derived,False,0,,4.791500214196276e-05,,0.0010889773214082445,0.0002866206900099569,derived: run_wall - iterations_total
20260929T032426Z,optimized_assembly,60,20,compliance,isolated_estimate,False,0,,2.131625000401982e-05,,0.00048446022736408685,0.00012751075887412316,"ISOLATED ESTIMATE, not in-loop; see README"
20260929T032426Z,optimized_assembly,60,20,element_energy,isolated_estimate,False,0,,7.231541999317415e-05,,0.0016435322725721398,0.00043258049984831655,"ISOLATED ESTIMATE, not in-loop; see README"
20260929T032426Z,optimized_assembly,120,40,element_moduli,measured,True,61,1.0,0.0012771719957527239,20.937245832011868,0.02093724583201187,0.0005643930627153721,SIMP interpolation of E_e (optimizer.py:217)
20260929T032426Z,optimized_assembly,120,40,assemble,measured,True,61,1.0,0.024010457002987096,393.61404922929665,0.39361404922929666,0.01061042319294272,COO triplet build + tocsc (fem.py:162)
20260929T032426Z,optimized_assembly,120,40,solve_reduce,derived,True,0,,0.04426378899916017,,0.7256358852321338,0.01956054119860287,derived: solve_displacements - spsolve; includes the tocsr() copy and both fancy-index slices (fem.py:208)
20260929T032426Z,optimized_assembly,120,40,solve_numeric,measured,True,61,1.0,2.1209071270013737,34768.969295104485,34.76896929510448,0.9372467241091347,SuperLU LU factorisation + solve (fem.py:209)
20260929T032426Z,optimized_assembly,120,40,sensitivity,measured,True,61,1.0,0.0006595800014110864,10.812786908378465,0.010812786908378466,0.0002914739583550085,analytical dc/dx_e (optimizer.py:251)
20260929T032426Z,optimized_assembly,120,40,sensitivity_filter,measured,True,61,1.0,0.0019037559968637652,31.209114702684673,0.031209114702684674,0.000841285810608023,cone-weighted sparse matvec (filter.py:83)
20260929T032426Z,optimized_assembly,120,40,oc_update,measured,True,61,1.0,0.04588778999641363,752.2588524002234,0.7522588524002234,0.020278200918468946,bisection on the volume multiplier (optimizer.py:81)
20260929T032426Z,optimized_assembly,120,40,analysis_tail,derived,True,0,,0.0231856640029946,,0.38009285250810815,0.010245940218903182,"derived: analyze - its four measured children; contains the inline compliance matvec, the element_dofs gather and the einsum (optimizer.py:240-248) plus interpreter overhead"
20260929T032426Z,optimized_assembly,120,40,loop_tail,derived,True,0,,0.000816951004708244,,0.013392639421446622,0.0003610175302692412,"derived: iteration_total - all other partition rows; covers optimizer.py:292-299 (change, record construction, append)"
20260929T032426Z,optimized_assembly,120,40,iterations_total,reference,False,0,,2.262912286001665,,37.09692272133877,1.0,"reference row, not part of the partition (sum of IterationRecord.time_s over the instrumented run)"
20260929T032426Z,optimized_assembly,120,40,analyze_total,reference,False,0,,2.2136442090022683,,36.28924932790604,0.9782280217822987,"reference row, not part of the partition; contains the element_moduli/assemble/solve children"
20260929T032426Z,optimized_assembly,120,40,run_wall,reference,False,0,,2.263000667000597,,37.09837159017372,1.0000390563078732,"reference row, not part of the partition (whole run() wall time)"
20260929T032426Z,optimized_assembly,120,40,outside_loop,derived,False,0,,8.838099893182516e-05,,0.0014488688349479533,3.905630787306624e-05,derived: run_wall - iterations_total
20260929T032426Z,optimized_assembly,120,40,compliance,isolated_estimate,False,0,,7.02374999946187e-05,,0.0011514344261412902,3.1038542867572296e-05,"ISOLATED ESTIMATE, not in-loop; see README"
20260929T032426Z,optimized_assembly,120,40,element_energy,isolated_estimate,False,0,,0.0002858250000008411,,0.004685655737718706,0.00012630847504295657,"ISOLATED ESTIMATE, not in-loop; see README"
20260929T032426Z,optimized_assembly,240,80,element_moduli,measured,True,76,1.0,0.005574580001848517,73.34973686642785,0.07334973686642786,0.00037086600453133925,SIMP interpolation of E_e (optimizer.py:217)
20260929T032426Z,optimized_assembly,240,80,assemble,measured,True,76,1.0,0.1285844950007231,1691.9012500095146,1.6919012500095145,0.008554477268204071,COO triplet build + tocsc (fem.py:162)
20260929T032426Z,optimized_assembly,240,80,solve_reduce,derived,True,0,,0.20901358500213973,,2.7501787500281543,0.013905268762276423,derived: solve_displacements - spsolve; includes the tocsr() copy and both fancy-index slices (fem.py:208)
20260929T032426Z,optimized_assembly,240,80,solve_numeric,measured,True,76,1.0,14.376221249000082,189160.80590789582,189.16080590789582,0.9564221399831445,SuperLU LU factorisation + solve (fem.py:209)
20260929T032426Z,optimized_assembly,240,80,sensitivity,measured,True,76,1.0,0.002337704000638041,30.75926316629002,0.03075926316629002,0.00015552291692039059,analytical dc/dx_e (optimizer.py:251)
20260929T032426Z,optimized_assembly,240,80,sensitivity_filter,measured,True,76,1.0,0.0077309209964369074,101.72264468995931,0.10172264468995931,0.0005143231921230408,cone-weighted sparse matvec (filter.py:83)
20260929T032426Z,optimized_assembly,240,80,oc_update,measured,True,76,1.0,0.19014325300031487,2501.88490789888,2.50188490789888,0.012649862143055598,bisection on the volume multiplier (optimizer.py:81)
20260929T032426Z,optimized_assembly,240,80,analysis_tail,derived,True,0,,0.109749087993805,,1.4440669472869079,0.007301394141213165,"derived: analyze - its four measured children; contains the inline compliance matvec, the element_dofs gather and the einsum (optimizer.py:240-248) plus interpreter overhead"
20260929T032426Z,optimized_assembly,240,80,loop_tail,derived,True,0,,0.0018961260038850014,,0.024949026366907913,0.00012614558853144505,"derived: iteration_total - all other partition rows; covers optimizer.py:292-299 (change, record construction, append)"
20260929T032426Z,optimized_assembly,240,80,iterations_total,reference,False,0,,15.031251000999873,,197.77961843420886,1.0,"reference row, not part of the partition (sum of IterationRecord.time_s over the instrumented run)"
20260929T032426Z,optimized_assembly,240,80,analyze_total,reference,False,0,,14.829142996998598,,195.12030259208683,0.9865541461593695,"reference row, not part of the partition; contains the element_moduli/assemble/solve children"
20260929T032426Z,optimized_assembly,240,80,run_wall,reference,False,0,,15.03139316600027,,197.78148902631935,1.0000094579619745,"reference row, not part of the partition (whole run() wall time)"
20260929T032426Z,optimized_assembly,240,80,outside_loop,derived,False,0,,0.00014216500039765378,,0.0018705921104954445,9.457961974568652e-06,derived: run_wall - iterations_total
20260929T032426Z,optimized_assembly,240,80,compliance,isolated_estimate,False,0,,0.00026174292000177954,,0.003443985789497099,1.7413249235500657e-05,"ISOLATED ESTIMATE, not in-loop; see README"
20260929T032426Z,optimized_assembly,240,80,element_energy,isolated_estimate,False,0,,0.0011375754200071242,,0.014968097631672686,7.568068818300308e-05,"ISOLATED ESTIMATE, not in-loop; see README"
